,Actual_Class,Predicted_Class
35841,0,0
5609,1,1
13793,0,0
22182,0,0
14093,0,0
38533,0,0
5655,0,0
1964,1,1
3472,0,0
33063,0,0
8609,1,1
338,1,0
3694,1,1
6842,0,0
7948,1,1
11202,1,1
34714,1,1
39648,0,0
39639,0,0
18375,0,0
22764,0,0
26161,1,1
6874,0,0
12448,1,1
865,1,1
18580,1,1
16308,1,1
30094,1,1
5113,1,1
24099,0,0
1988,0,0
8933,0,0
3977,0,0
17045,0,0
38251,1,1
1498,1,1
2335,0,0
40078,1,0
14853,0,0
7299,0,0
32089,1,1
39077,0,0
20533,0,0
9449,0,0
5680,1,1
11691,0,0
36156,0,0
8095,1,1
39934,0,0
40075,0,0
14623,1,1
30434,1,1
18899,1,1
8203,0,0
19714,1,1
23774,1,1
19340,1,1
10642,0,0
32157,0,0
29303,0,0
28466,0,0
35583,1,1
4075,1,1
26860,0,0
35689,1,1
20382,0,0
3039,0,0
1221,1,1
18668,0,1
16051,0,0
16923,0,0
3358,0,0
36115,1,1
25721,1,0
10932,1,1
38209,0,0
4977,0,1
30131,0,0
12885,0,1
14839,0,0
38254,1,1
4524,1,1
39623,1,1
32184,1,1
22962,1,1
7281,1,1
21055,0,0
13677,1,1
39734,0,0
18656,1,1
1628,1,1
16861,1,0
29984,1,0
15660,0,0
25440,1,1
20433,1,1
37735,1,1
12879,0,0
9907,1,1
30706,1,1
37247,0,0
18990,1,1
9831,0,0
36494,1,1
13019,0,0
34475,0,0
9780,1,1
25602,1,1
17174,0,1
2096,1,1
1298,1,1
32854,0,0
13261,0,0
29920,1,1
36162,1,1
19193,0,0
21846,1,1
1585,0,0
21168,0,0
8075,0,0
23316,0,0
3981,0,0
16476,0,0
35822,0,0
31585,1,1
30600,1,1
39601,1,1
11041,0,0
29784,1,1
13880,1,1
12657,0,0
9115,1,1
35362,1,1
25997,0,0
22611,0,0
25749,0,0
19745,1,1
11270,0,0
5287,0,1
33005,1,1
18695,1,1
29874,1,0
29267,1,0
27621,1,1
1488,1,1
18943,1,1
3065,0,0
4277,1,1
12097,1,1
32761,0,0
14833,0,0
9273,1,1
39805,0,0
13037,0,0
26063,0,0
9092,0,0
26830,1,1
30165,0,0
10360,1,1
7509,0,0
29715,1,1
40321,0,0
6394,0,0
10747,0,0
16903,1,1
8096,1,0
23065,0,0
12306,0,0
15584,1,1
17924,1,1
35338,1,1
37019,1,1
5385,1,1
25809,1,1
27605,1,1
39759,0,0
2885,1,1
15182,1,1
38222,0,0
21387,1,1
39368,0,0
9307,0,0
36711,1,1
18757,1,1
5110,1,1
34202,1,1
23671,0,0
31061,1,1
34187,1,1
23221,1,1
26767,0,0
26950,1,1
6282,0,0
15587,1,1
7040,1,1
9248,0,0
37429,0,0
38258,0,0
36823,1,1
23607,0,0
27759,0,0
13433,0,0
35122,1,1
1965,1,1
23562,1,1
36804,0,0
9629,0,0
476,0,0
24945,1,1
31014,0,0
24077,1,1
40397,0,0
20230,0,0
32853,0,0
36854,1,1
6462,1,1
36822,1,1
4411,0,0
38684,1,1
2460,1,1
16157,1,1
36377,0,0
5954,1,1
22945,0,0
38475,0,0
25225,0,0
9963,0,0
37230,1,1
25076,1,1
38193,1,1
27035,1,1
34622,0,1
17311,0,0
37448,1,1
18085,1,1
31721,1,1
37713,1,1
34199,1,1
37578,0,0
27354,0,0
17826,1,1
27880,1,1
12010,1,1
35645,1,1
31434,0,0
4804,1,1
27957,1,1
16942,0,0
14091,0,0
40399,0,0
7918,1,1
15418,1,1
2543,1,1
270,0,0
3914,1,1
7916,1,0
1814,1,1
7855,0,0
39973,1,1
3590,1,1
27040,0,0
34194,1,1
28717,0,0
16070,0,0
220,1,1
32958,0,0
32007,0,0
24249,1,0
40044,1,1
25199,1,1
15431,0,0
30287,1,1
6651,0,0
15041,1,1
12447,1,1
30346,0,0
33107,1,1
33002,1,1
5765,1,1
16837,0,0
21250,1,1
38590,1,1
37501,0,0
9890,0,0
7443,1,1
11252,0,0
9897,0,0
31144,1,1
17442,1,1
15650,0,0
25747,0,0
32341,0,0
35903,1,1
10769,1,1
3142,1,0
2734,1,1
17792,1,1
10199,0,0
20830,0,0
26447,1,1
6148,0,1
11121,0,0
5493,0,0
11438,1,1
35397,1,1
12309,0,0
17802,1,1
18276,0,0
27101,1,1
39180,0,0
31960,0,0
36376,1,1
23916,1,1
39598,1,1
13725,1,1
29467,0,0
10582,0,0
30958,0,0
9471,0,0
20020,0,0
7952,1,1
1879,1,0
16,1,1
24338,0,0
31488,1,1
31079,1,1
3268,1,1
15999,0,0
39229,0,0
24017,0,0
22979,1,1
39851,0,0
35138,0,0
32176,0,0
33403,1,1
13295,0,0
30156,0,0
10509,0,0
20677,0,0
4317,0,0
25424,1,1
12599,1,1
28904,0,0
10152,1,1
16552,0,0
2035,0,0
28068,1,1
7787,0,0
16522,1,1
30453,0,0
8605,1,0
31978,0,0
1910,1,1
31424,0,0
10596,1,1
22241,1,1
13243,0,0
7002,0,0
3180,1,1
30417,0,0
13754,1,1
26280,1,1
22670,1,1
32894,0,0
34056,1,1
22057,1,1
36596,1,1
6731,0,0
35875,1,1
18682,0,0
5725,1,0
15438,1,1
37271,0,0
35193,1,1
202,0,0
21936,0,0
26326,1,1
35578,1,1
39938,0,0
5354,0,0
30272,0,0
29607,0,0
11826,1,1
31539,0,0
15395,0,0
10188,1,1
9208,0,0
16311,1,1
3073,1,1
8875,0,0
37722,1,0
12207,0,1
8603,1,1
33104,1,1
6593,0,0
22974,0,0
16806,1,1
23941,0,1
7758,1,1
994,0,0
7982,1,1
38739,0,0
9263,0,0
23102,1,1
24400,0,0
21457,0,0
37620,1,1
31526,0,0
29978,1,1
24567,0,0
29816,1,1
3214,0,0
40017,0,0
27343,0,0
29795,0,0
37567,0,1
6868,1,1
4449,1,0
29111,0,0
22696,1,1
9158,0,0
9117,1,1
39686,1,1
4769,0,1
4807,1,1
18994,1,1
22049,0,0
754,1,1
21212,0,0
29409,0,0
21552,0,0
33533,1,1
11621,0,0
28260,1,1
32807,1,1
12352,1,1
18993,0,0
19527,0,0
5703,0,0
14512,1,1
6637,0,0
26248,1,1
35525,1,1
19553,1,1
17540,1,1
10325,0,0
8796,0,0
30822,1,1
32058,1,1
15526,1,1
4756,0,0
7249,1,1
4891,0,0
19730,1,1
6469,1,1
9488,1,1
18898,1,1
16358,1,0
40319,0,0
14331,0,0
33456,0,1
28016,1,1
32073,0,0
13619,1,1
10142,0,0
34360,1,1
35038,1,1
33757,0,0
54,1,0
13233,1,1
15530,1,1
39423,0,0
7401,0,0
31882,1,1
31785,0,0
6543,0,0
18451,1,1
16773,0,0
22624,1,1
40003,0,0
10579,1,1
31414,1,1
23411,0,0
487,1,1
4042,1,1
579,1,1
28063,0,0
22007,1,1
21789,1,1
11545,0,0
22634,1,1
27974,1,1
12195,0,0
29924,1,1
22906,1,1
10576,1,1
9313,0,0
7497,0,0
22132,0,0
32281,0,0
36235,0,0
16691,0,0
39043,0,0
372,0,0
14372,1,1
18348,0,0
19167,0,0
39254,1,1
39194,1,1
33014,1,1
25611,1,1
28126,0,0
2624,1,1
8967,1,1
33789,1,1
30293,1,1
32465,0,0
23036,0,0
1614,1,1
12722,0,0
37151,1,1
35423,0,0
23500,1,1
32574,1,1
8379,1,1
23040,1,1
10526,0,0
31474,1,1
27607,1,1
20118,1,1
20199,1,1
39737,1,1
5222,0,0
28229,0,0
30322,1,1
8968,1,1
1458,0,0
867,1,1
3650,1,1
1043,1,1
10878,1,1
8970,1,1
30873,1,1
395,0,0
39042,0,0
27041,0,0
34471,1,1
23515,0,0
32011,1,1
389,0,0
1343,0,0
31288,0,0
14376,0,0
1356,1,1
3734,1,1
16574,0,0
13561,0,0
25744,0,0
9428,1,1
18627,0,0
21013,0,0
19781,0,1
35993,0,0
33547,1,1
30689,1,1
19467,1,0
27534,1,1
20346,1,1
6591,0,0
7429,0,0
32369,0,0
4093,1,1
30783,1,1
10190,1,1
13196,0,0
31672,1,1
38538,0,0
10386,0,0
14429,0,0
22187,0,0
30018,1,1
15879,1,1
3594,1,1
11983,0,0
3670,1,1
5466,1,1
1336,0,0
27049,1,1
4921,0,0
3714,0,0
29595,1,1
26919,0,0
18493,1,1
12258,0,0
35881,0,0
18057,1,1
2780,1,1
24135,0,0
10401,1,1
37863,0,0
337,1,1
38187,1,1
35549,0,0
4230,0,0
40265,0,0
20171,1,1
4149,0,0
35146,1,1
37583,0,0
30748,0,0
38981,0,0
20586,1,1
21450,0,0
21279,0,0
15692,1,1
33583,0,1
26381,1,1
24179,1,1
33417,1,1
18751,0,0
23229,1,1
15684,1,1
1788,1,1
2757,1,0
26620,1,1
23564,1,1
35413,1,1
160,0,0
36352,1,1
25546,0,0
28920,0,0
5219,0,1
27828,0,0
37582,0,0
31361,0,0
19278,1,1
3744,1,1
27242,1,1
26608,0,0
22320,0,0
2870,1,1
29337,0,1
9087,0,0
19731,1,1
17079,0,0
13249,0,0
36942,1,0
38749,0,0
17291,1,1
35032,0,0
617,0,0
4566,0,0
20240,1,1
23516,1,1
2518,1,1
21301,1,1
6293,1,1
16337,0,1
3276,0,0
7294,1,1
21969,0,0
11340,0,0
14625,0,0
131,1,1
38434,0,0
35569,1,1
4617,0,0
33017,1,1
18963,1,1
7263,0,0
35123,1,1
28583,0,0
11665,0,0
31268,1,1
19059,1,1
10097,1,0
25240,1,1
29613,0,0
15655,0,0
21080,1,1
1645,0,0
6623,1,1
4947,1,1
30710,1,1
23884,0,1
37291,1,1
15986,0,1
20890,0,0
14453,0,0
10220,0,0
8339,0,0
38522,0,1
11224,1,1
21058,0,0
25581,0,0
20378,0,0
31908,1,1
10108,0,0
13987,0,0
23366,1,1
23307,0,0
2034,0,0
5522,1,1
4380,0,1
838,0,0
12748,0,0
30560,0,0
22035,1,1
35220,1,0
13164,0,0
30111,1,1
1318,0,0
29197,1,1
1969,1,1
1593,0,0
38678,1,1
39275,0,0
7813,0,0
28728,1,1
14333,1,1
18134,1,1
33072,0,0
39333,0,0
21090,1,1
13906,0,0
18869,1,1
26222,1,1
323,1,1
2248,1,1
7513,0,0
29257,1,1
29601,1,1
16856,1,1
26294,0,0
14509,0,0
23479,0,0
26905,0,0
28841,1,1
30667,0,0
31554,1,1
23150,1,1
2360,0,0
34881,0,0
20838,1,1
27003,1,1
68,0,0
22804,1,1
40074,1,1
1000,0,0
10984,0,0
19175,0,0
2192,0,0
25753,0,1
25498,0,0
23349,1,1
5716,1,0
6086,0,0
26665,1,1
14115,0,0
37398,1,1
34655,0,1
7286,0,0
26456,0,0
2394,0,0
25468,1,0
39136,1,1
10282,1,1
32484,0,0
10885,0,0
33491,1,1
23389,0,0
23756,1,1
9495,0,0
6978,1,1
24212,0,0
7100,1,1
26763,1,1
27854,1,1
6670,0,0
4579,1,0
32725,1,1
39414,1,1
18044,0,0
39481,0,0
3402,1,1
2120,0,0
20827,0,0
7831,0,0
3089,0,0
31698,0,0
5864,1,1
1558,1,1
23368,0,0
19314,1,1
35267,0,0
31512,1,1
3275,0,0
11217,1,1
13072,1,1
14,1,1
23450,1,1
16694,0,0
9735,1,1
8724,0,0
17559,0,0
7605,0,0
20696,0,0
5212,0,0
33192,1,1
31207,1,1
38430,0,0
25446,0,0
496,1,1
21379,1,1
31108,1,1
3956,1,1
18743,0,0
21410,0,0
20133,1,0
1113,0,0
12863,1,1
4597,1,1
9896,0,1
34439,0,0
31551,0,0
5483,0,0
18189,1,1
9388,1,1
27973,0,0
35859,1,1
34669,0,0
6643,1,1
39625,1,1
19156,1,1
1322,0,0
36280,1,1
13585,1,1
38145,0,0
35409,1,1
14201,0,0
12609,1,1
11815,0,0
165,0,0
4517,1,1
19302,1,1
1751,0,0
23376,1,1
13156,0,0
30195,0,0
6733,0,0
5821,1,1
8769,1,1
34502,1,1
37855,0,0
2472,0,0
27370,1,1
19969,1,1
7631,1,1
1868,1,1
28166,0,0
37782,0,0
39235,1,1
30192,1,0
16269,0,0
27499,1,1
37549,1,1
34089,0,0
25710,0,0
13516,1,1
9380,1,0
38834,1,1
9675,0,0
32629,0,0
24347,1,1
32423,1,1
34763,1,1
22677,0,0
34552,1,1
26472,1,1
25094,0,0
7296,1,1
17062,1,1
36612,1,0
1624,1,1
22181,0,0
39975,0,0
14440,0,0
14851,0,0
8419,0,0
8477,0,0
36875,0,0
2020,1,1
11187,0,0
20772,1,1
32582,1,1
2657,0,0
32572,0,0
35838,0,0
38447,1,0
20717,1,1
15121,0,0
2864,0,0
31255,1,1
5682,0,0
6181,0,0
16009,0,0
1742,0,0
17567,0,0
1159,1,1
8941,0,0
137,1,1
32034,1,1
31815,0,0
33985,0,0
12944,1,1
36767,0,0
12601,1,1
22785,0,0
28239,0,0
30722,0,0
8174,1,0
21498,0,0
25687,1,1
2708,0,0
29073,1,1
33282,1,1
625,0,0
21344,1,1
18203,1,1
30994,0,0
6191,0,0
1564,1,1
5776,1,1
13445,1,1
10104,1,1
35733,1,1
1945,0,0
656,1,1
1272,0,0
4409,0,1
17344,0,0
33488,1,1
38265,0,0
24846,1,1
4893,0,0
39536,1,1
25430,1,1
27421,1,1
16628,0,1
5028,1,1
29346,1,1
28875,1,1
23248,1,1
23297,1,1
30907,1,1
19150,1,1
23875,1,1
38832,1,1
7733,0,0
37828,1,1
23371,1,1
10053,0,0
23277,1,0
2018,1,1
39023,0,0
30239,0,0
5636,0,0
38787,0,0
24669,0,0
9305,0,0
6590,0,0
35743,1,1
15387,0,0
30751,1,1
32138,1,1
16517,1,1
24019,0,1
1257,0,0
34173,0,0
26938,0,0
16410,0,0
1344,0,0
10956,1,1
29035,0,0
22989,0,0
28652,1,1
12065,0,0
3873,0,0
5972,0,0
23908,0,1
3366,0,0
11991,1,1
1584,0,0
26345,0,0
24676,0,0
3525,0,0
18153,1,1
23629,0,0
8085,1,1
26169,1,1
9802,1,1
21270,0,0
39537,0,0
17449,0,0
15735,0,0
8921,1,1
2785,0,0
19134,1,1
4616,0,1
5698,0,0
25807,1,1
11389,0,0
20405,1,1
15064,0,0
38517,1,1
38986,0,0
31591,0,0
36902,0,0
38272,0,0
14012,0,0
21603,1,1
32260,1,1
3941,0,0
2626,1,1
35974,1,1
39553,0,0
11254,0,0
26984,0,0
3335,0,0
27863,0,0
13073,1,1
11315,0,0
17222,0,0
18802,1,1
18648,1,1
1659,1,1
31567,0,0
8101,1,1
4387,0,0
25733,1,1
38456,1,1
12113,0,0
30470,0,1
29857,0,1
23415,0,0
39053,0,0
2834,1,1
1266,0,0
911,0,0
31648,0,0
32302,1,1
18613,0,0
6104,1,1
26719,1,1
9716,0,0
32061,0,0
10488,0,0
38794,0,0
27383,0,0
14457,1,1
14172,0,0
35508,1,1
1387,0,1
20671,0,0
33902,0,0
20166,0,0
2244,1,1
18886,1,1
11519,0,0
4614,0,1
25190,1,1
10115,0,0
10951,0,0
37885,1,1
14260,1,1
31530,1,1
19977,1,1
35712,1,1
4654,1,1
37134,1,1
35658,0,0
20132,1,1
3502,0,0
27021,1,1
31402,1,1
20449,0,0
13994,0,0
7353,0,0
23874,1,0
30335,1,1
24246,1,1
34837,0,0
35477,1,1
36423,0,0
21096,1,0
2413,0,0
6524,0,0
22574,1,1
38248,1,1
6566,0,0
16630,0,0
14725,1,1
14130,0,0
16102,1,1
21949,1,1
12367,0,1
19301,0,0
29289,1,1
898,1,1
33690,1,0
27916,1,1
31508,1,1
21527,1,1
13360,1,1
25522,1,1
24940,0,1
7106,0,0
37795,0,0
18176,1,1
33360,1,1
18417,0,0
14198,0,0
28103,0,0
12184,0,0
28307,0,0
36127,1,1
23499,0,0
15325,1,1
21534,0,1
5221,0,0
14022,1,0
7047,0,0
10646,1,0
22749,0,0
1369,1,1
6693,0,0
30532,0,0
34043,0,0
12476,0,0
1701,0,0
27519,1,1
36275,0,0
35961,1,1
27059,1,1
21139,1,1
33445,0,1
1739,0,0
10359,1,1
1361,1,1
39246,0,0
17099,0,0
24358,1,1
17657,0,0
20905,1,1
33962,0,0
26845,1,1
17122,1,1
40343,0,0
26119,0,0
27349,1,1
30854,0,0
33080,0,0
29053,1,1
25716,0,0
12617,1,1
8386,1,1
17990,1,0
8233,1,1
39310,0,0
17605,1,1
30598,1,1
10631,1,1
39790,0,0
13450,1,1
9433,1,1
31633,1,1
10880,1,1
13408,1,1
14446,1,1
21404,0,0
5816,1,1
30356,1,1
34620,0,0
38866,0,0
24851,0,0
11667,1,1
28291,0,0
10195,0,0
719,0,0
39833,0,0
19783,0,0
14813,1,1
2445,0,0
25668,0,0
13287,1,1
20453,0,0
21522,1,1
2136,1,1
9410,0,0
4096,1,1
1720,1,0
35498,1,1
28282,1,1
22683,1,1
16378,1,1
16192,0,1
3003,1,0
35915,0,0
30556,0,0
20973,1,1
35175,0,0
11352,0,0
30199,0,0
3710,0,0
40354,1,1
265,0,0
32347,1,1
7448,1,1
24419,0,0
8997,0,0
8302,1,1
38526,0,0
15512,1,1
17480,1,0
34801,0,0
39443,1,1
28444,0,0
11899,0,0
8839,1,1
29182,1,1
9257,0,0
24521,0,0
15166,1,1
38570,0,0
5042,1,1
27504,0,0
31165,1,1
19379,0,0
35766,0,0
37748,1,1
30695,0,0
6886,0,0
27636,1,1
33207,1,1
28445,0,0
38470,0,0
21567,1,1
18876,1,1
10714,1,1
30298,1,0
39524,0,1
7477,1,1
23808,1,1
7366,1,1
15359,0,0
15462,1,1
7701,0,0
17004,1,1
36341,0,0
28613,1,1
10015,1,1
25471,1,1
38380,0,0
39981,1,1
25003,0,0
448,0,0
457,0,1
1340,0,0
32382,1,1
31684,1,1
39151,0,0
33866,1,1
13147,0,0
14459,0,0
11234,1,1
33169,1,1
3174,0,0
22907,1,1
15432,1,1
34293,0,0
35842,1,1
12636,0,0
31254,1,1
29001,0,0
36283,0,0
1658,1,1
5239,0,0
20303,0,0
13887,0,0
34161,0,0
37072,0,0
22317,0,0
933,0,0
9391,1,1
4052,1,1
23002,1,1
35280,1,1
12891,0,0
29364,1,1
37396,1,1
1276,1,1
26003,1,1
39842,1,1
10431,0,0
27364,0,0
3852,1,1
298,0,0
1236,1,1
37443,1,1
36915,0,0
30427,1,1
24356,1,1
4848,1,1
10891,0,0
39555,0,0
14765,0,0
14230,0,0
10561,1,1
31036,0,0
5121,1,1
13297,0,0
34613,0,0
33774,1,1
38266,0,0
11776,1,1
27412,1,1
23024,1,1
2542,1,1
11380,1,1
28661,1,1
35834,1,1
26476,1,1
22513,0,0
23031,0,0
27537,1,1
38244,1,1
13199,0,0
34648,1,1
7053,1,0
18518,1,1
34934,0,0
18999,1,1
37569,0,0
5456,1,1
8026,1,0
27130,1,1
35524,1,1
26568,0,0
8740,1,1
13873,1,1
422,1,1
39695,1,1
30397,1,1
16900,1,1
34163,0,0
24921,0,0
172,0,0
7484,0,0
20420,1,1
37137,1,1
20010,0,0
37672,0,0
34196,1,1
19436,1,0
14738,0,0
39212,1,1
30797,0,0
34107,0,0
7550,1,1
33989,0,0
1930,1,1
27140,1,1
11902,1,1
21237,1,1
10380,1,1
35182,0,0
22172,1,1
19600,0,0
21535,0,0
27806,1,1
33828,0,0
7138,0,0
14388,0,0
114,1,1
7150,1,1
21210,0,0
6509,1,1
7714,1,1
35662,1,0
3303,0,0
25961,0,0
5932,0,0
14047,0,0
21996,0,0
7108,0,0
13560,0,0
10210,1,1
19506,0,0
36647,0,0
39271,0,0
22088,1,1
6432,1,1
5486,0,0
28187,1,1
7887,0,0
9137,0,0
20326,1,1
26799,1,1
4434,1,1
19749,1,1
14138,1,1
5733,0,0
28465,0,0
11555,1,1
24628,1,1
27554,1,1
34245,1,1
393,0,1
20480,0,0
23653,0,0
35148,1,1
29025,0,1
20261,1,1
36816,1,1
20033,1,1
26468,1,1
14900,1,0
2319,0,0
19815,1,1
24255,1,0
40041,0,0
4951,1,1
28747,0,0
3086,1,1
14414,1,1
10696,1,1
7204,0,0
23089,1,1
27730,1,1
19881,1,0
26773,0,0
19385,0,0
28022,1,1
7376,0,0
25609,1,1
10246,0,0
19902,1,0
25399,0,0
34495,0,0
9516,0,0
5118,1,1
32600,0,0
16033,1,1
33703,1,1
21687,1,1
3921,0,0
31303,0,0
29223,0,0
39318,1,1
1106,0,0
38870,1,1
19634,1,1
19183,0,0
6688,1,1
31337,1,1
38543,1,1
18733,1,1
38688,1,1
5793,0,0
24369,1,1
19606,0,0
8345,0,1
22412,1,1
20983,1,1
1100,0,0
33065,0,1
33199,1,1
40352,1,1
24398,0,0
35529,1,1
27375,0,0
8354,0,0
39124,0,0
15088,0,0
36428,1,1
32741,0,0
13830,1,1
15319,0,0
23603,0,0
38798,1,1
30413,0,0
20281,0,0
17116,1,1
30743,0,0
37048,1,1
14802,0,0
191,0,0
37786,0,0
15588,1,0
19784,0,0
27411,1,1
1737,1,1
26839,0,0
19910,1,1
6946,0,0
4999,0,0
36784,0,0
34521,0,0
19392,1,1
4403,0,0
17097,0,0
6841,0,0
38781,0,0
23291,0,0
37801,1,1
21776,0,0
32974,0,0
16876,0,0
37076,0,0
24381,1,1
4889,1,1
34936,0,1
38406,1,1
33316,0,0
17543,1,1
35597,1,1
13453,0,0
37970,1,1
30685,1,1
9793,0,1
38702,0,0
17821,1,1
18408,1,1
1975,1,1
23700,1,1
9184,1,1
19475,1,1
21719,1,1
1303,1,0
1832,1,1
3519,0,0
3045,1,1
18346,1,1
33746,0,0
7547,1,1
1741,0,0
35096,1,1
35956,1,1
25919,0,0
13713,0,0
14224,1,1
112,1,0
23492,1,1
20451,0,0
15500,1,1
16819,0,0
16000,0,0
313,1,1
20488,1,0
28699,1,1
9718,0,0
24825,1,1
23497,0,0
28561,1,0
17113,1,1
32433,0,0
40378,1,1
23575,0,0
34296,1,0
22332,1,1
28564,1,1
29661,1,0
26379,1,1
38153,0,0
20111,1,1
25075,1,0
23538,1,1
11449,0,0
29263,1,1
39440,1,1
33718,0,0
23754,1,1
8257,1,0
35072,1,1
39727,0,0
8550,1,1
11973,0,0
6721,1,1
22504,1,1
32163,0,0
33793,1,1
10615,1,1
3585,0,0
31003,1,1
5176,1,1
30658,1,1
28055,0,0
37476,1,1
36830,1,1
6466,1,1
1580,0,0
12046,0,0
23940,0,0
20048,1,1
33584,0,0
2021,0,0
39620,1,1
10599,0,0
30749,0,0
14621,1,0
24769,1,1
29,1,1
20078,0,0
16485,0,1
7661,0,0
22090,1,1
12816,0,0
1065,1,1
34850,1,1
8751,1,1
21971,0,0
26463,0,0
21827,1,1
27235,0,0
14071,1,1
12439,0,0
23729,1,1
16586,1,1
4204,0,0
5459,1,1
26000,0,0
34058,1,0
14253,0,0
38594,1,1
39047,0,0
12531,0,0
34183,1,0
4720,1,1
29747,0,0
6026,1,1
26465,0,0
14164,1,1
37723,1,1
29052,1,1
22831,0,0
5961,0,0
33208,1,1
683,1,1
22468,1,1
26030,0,0
36899,0,0
25985,0,0
17774,1,1
1931,0,0
21350,1,1
37099,0,0
5742,0,0
29695,0,0
28767,1,1
16547,0,0
39489,1,1
15103,1,1
12136,0,0
2508,0,0
24630,1,0
22223,1,1
38815,0,0
19172,1,1
32308,1,1
16082,0,1
33324,0,0
36013,0,0
26928,1,1
9447,1,1
35819,1,1
34805,0,0
27785,0,0
38706,0,1
14142,0,1
38169,1,1
10750,0,0
29318,0,0
3536,1,1
301,0,0
13971,0,0
15856,1,1
6305,1,1
22267,1,1
16684,0,0
27198,0,0
34665,0,0
32192,1,1
5316,1,1
18424,1,1
9633,0,0
38493,0,0
22054,1,1
11192,1,1
30391,1,1
10726,1,1
11603,1,1
5964,0,0
35314,0,0
17575,1,1
29473,0,0
2370,1,1
5889,0,0
26325,1,1
40341,0,0
14067,1,1
17476,1,1
23892,1,1
15014,1,1
4004,1,1
3254,0,0
17210,1,1
32985,0,0
23935,0,0
12100,1,1
34866,1,1
31182,0,0
33979,0,0
21418,0,0
4366,1,1
32770,1,1
31044,1,1
21725,1,1
30371,0,0
37623,1,1
8353,0,0
13448,1,1
33626,1,1
22109,1,1
36775,0,0
480,0,0
19030,1,1
30059,1,1
7435,0,0
18449,1,1
21505,0,0
10164,0,0
11061,0,0
24706,1,1
32067,0,0
33093,1,1
6168,1,1
7618,1,1
28081,1,1
27313,0,0
26821,0,0
23456,1,1
14316,0,0
22364,0,0
38413,1,1
35236,1,1
2220,0,0
10355,1,1
1122,1,1
5010,0,0
23726,1,1
12495,1,1
38621,0,0
20851,1,1
5984,1,1
6753,0,0
22506,1,1
12175,1,1
11156,1,0
40175,0,0
39855,1,1
10475,0,0
22342,0,0
31578,0,0
3079,0,0
10271,0,1
4437,1,1
5704,0,0
18452,0,0
6701,1,1
18859,0,0
19735,1,0
12092,1,1
35563,0,0
12860,1,0
501,1,1
12500,1,1
28688,1,1
19210,1,1
21302,1,1
6911,1,1
16597,1,1
24836,1,1
36260,1,1
21174,0,0
148,1,1
37969,1,0
36245,0,0
17521,0,0
26288,0,0
9867,0,0
27895,0,0
23885,0,0
39005,1,1
10113,0,0
33795,1,0
31903,0,0
24477,1,1
37175,0,0
15011,1,1
11994,1,0
5808,1,1
19596,0,0
37054,1,1
24401,0,0
35507,0,0
38264,0,0
38175,1,1
32000,1,1
7440,0,0
27246,0,0
6778,1,1
3804,1,1
10421,1,0
6167,1,1
6096,1,1
8932,0,0
14906,1,0
11447,0,0
6294,1,1
29396,0,0
22344,0,0
37679,0,0
15278,1,1
2985,1,1
34451,1,1
39507,1,1
11700,1,1
37860,0,0
9489,1,1
3934,1,1
12366,0,0
28167,0,0
21839,0,0
39335,0,0
13979,1,1
37233,1,1
39434,0,0
37960,1,1
25287,1,1
39208,1,1
38073,0,0
12204,0,0
10173,0,0
36049,0,0
37255,0,0
15046,0,0
12705,1,1
31830,0,0
26962,1,1
28122,0,0
4469,0,0
33541,1,1
23058,0,0
14176,1,1
26358,1,0
13563,0,0
16732,1,1
6361,1,1
31193,1,1
3648,0,0
28137,1,1
21354,1,1
40359,0,0
9198,0,0
14397,0,0
37294,1,1
18094,0,0
6280,0,0
20475,0,0
26793,1,1
30503,0,0
28478,1,1
37436,0,0
20964,1,1
14806,1,1
36400,1,1
39523,0,0
2087,1,1
9066,0,0
31097,1,1
20054,1,1
34484,0,0
28423,1,1
30000,0,0
38845,1,1
66,0,0
11400,0,0
31584,1,1
36384,1,1
34248,1,1
4520,1,1
22148,1,1
29882,1,1
20928,0,0
13280,1,1
21601,1,1
14314,0,0
30890,1,1
10214,1,1
3396,0,0
13797,0,0
5451,1,1
23878,1,0
36662,0,0
38613,0,0
36068,1,1
3263,0,0
29673,0,0
5766,1,1
36202,1,1
38802,1,1
36490,1,1
30324,1,1
9072,0,0
3297,1,1
10889,0,0
5265,1,1
23309,1,1
34433,0,0
17150,1,1
31828,1,1
16565,0,0
7960,1,1
31242,1,1
8841,1,1
2036,0,0
24736,0,0
2254,0,0
28417,0,0
36883,0,0
10728,1,1
12994,1,1
6985,0,0
1499,1,1
34110,0,0
24162,1,1
11276,0,0
28228,0,0
27549,0,0
8924,1,1
31050,0,0
28666,0,0
4590,1,1
13889,0,0
37774,0,1
19662,1,1
32185,1,1
37513,0,0
28731,1,1
35288,0,0
35752,1,1
6164,1,1
23220,1,1
23730,1,1
3867,0,0
3817,0,0
37755,0,0
12088,1,1
11565,0,0
38371,0,0
11023,1,1
22781,1,1
2278,1,1
39147,0,0
6813,1,1
7801,0,0
25828,0,0
4312,0,0
33410,1,1
21945,1,1
14485,1,1
14999,1,1
9167,1,1
13678,1,1
35240,1,1
5467,0,0
35342,1,1
36619,1,1
21912,1,1
761,0,0
3666,1,1
8909,1,1
22511,0,0
13457,0,0
2720,1,1
2633,0,0
25007,1,1
30258,1,1
14523,1,1
26192,1,1
26884,1,1
28021,0,0
39905,1,1
18567,0,0
17471,1,1
20695,0,0
21502,0,0
22019,0,0
19946,0,1
36508,1,1
20581,1,1
38160,0,0
28881,1,0
1848,0,0
24061,1,1
16494,0,0
27623,1,1
3038,0,0
27964,1,1
18070,0,0
1118,0,1
13521,1,1
5412,0,0
13013,1,1
25451,0,0
28965,1,1
18973,0,0
30032,0,0
31604,1,1
10666,1,1
24577,0,0
7751,0,0
17599,1,1
28303,1,1
20528,0,0
24156,1,1
18361,0,0
14810,1,1
30511,0,0
18069,0,0
26690,0,0
39258,1,1
39904,1,1
9383,1,1
8678,1,1
24230,0,0
1712,1,1
38740,0,0
8951,0,0
9863,0,0
27056,0,0
38605,1,1
19154,0,0
35118,1,1
25474,1,1
29159,1,1
37684,0,0
6134,1,1
35287,0,0
27479,1,1
5032,1,1
32755,0,0
13768,0,0
20070,0,0
34851,1,1
9886,1,1
24924,0,0
11639,1,1
13921,1,1
14114,0,0
39437,0,0
1323,0,0
30088,0,0
7975,0,0
40430,1,1
8776,0,0
39841,0,0
19577,0,0
8067,0,0
24210,0,0
24591,0,0
34964,1,1
36453,0,0
32601,0,0
33568,0,0
24900,1,1
36576,1,1
363,0,0
28590,0,0
6539,1,1
3724,1,0
13267,1,1
31917,1,1
38439,0,0
10133,1,1
12575,0,0
27247,0,0
27152,0,0
34172,0,0
4940,1,1
12749,0,1
17545,1,1
30454,1,1
6153,0,0
10470,0,0
12114,0,0
27564,1,1
27106,0,0
17578,1,1
6925,1,1
4845,0,0
19891,1,1
7657,0,0
32091,0,0
12126,0,0
31142,1,1
19907,1,1
29849,0,0
23743,0,0
40427,0,0
25680,1,1
34645,1,1
37927,0,0
40235,0,0
20701,0,1
27460,1,1
34587,1,0
35845,1,1
26080,0,0
4294,0,0
35759,0,0
20486,1,0
23511,0,0
14251,0,0
31161,1,1
18282,1,1
37199,0,0
19978,1,1
33607,1,1
16682,0,0
15170,1,1
19847,0,0
33689,1,1
15669,0,0
14257,0,0
26377,1,1
29807,0,0
23227,0,0
38902,1,1
36864,1,1
37883,1,1
39367,0,0
38775,1,1
25549,0,0
4683,0,0
8621,0,0
35571,1,1
27380,1,0
20572,1,1
35580,1,1
8282,0,1
38835,1,1
33472,1,1
33750,0,0
35624,0,0
39108,1,1
39395,1,1
29727,1,1
32920,1,0
8027,1,1
10036,1,1
2046,1,0
9416,0,0
21704,0,0
12340,1,1
23200,0,0
17321,1,1
37111,0,0
31208,1,1
31472,0,0
25312,0,0
16131,0,0
3640,0,0
36415,0,0
15085,0,0
4723,1,1
17622,0,0
11311,1,1
2403,1,1
4629,0,0
25643,1,1
38330,0,1
5811,1,1
32787,0,0
6642,1,0
10505,1,1
16277,0,0
14968,0,0
25981,1,1
28383,0,0
21925,0,0
71,0,0
10083,0,0
4222,0,0
357,0,0
36843,1,1
37922,0,0
5869,1,1
21550,0,0
3257,0,0
9601,0,0
36566,1,1
28358,0,0
37299,1,0
38788,0,0
20384,0,1
8607,1,1
14298,1,1
7257,1,1
23042,1,1
24170,1,1
10118,0,0
26986,0,0
3886,1,1
24410,0,0
19114,0,0
26959,0,0
35724,1,1
4715,1,1
11910,1,1
37342,0,1
39866,1,1
34590,1,1
34919,1,0
32388,0,0
36628,1,1
12095,1,1
27306,0,0
23793,0,0
35052,0,0
12067,0,0
24789,0,0
10958,0,0
31278,0,0
11145,0,0
20126,1,1
33599,1,1
22233,0,0
4126,0,0
18365,0,0
3791,0,0
33408,1,0
32727,0,0
22285,1,1
21170,0,0
27407,0,0
23527,0,0
37764,0,0
7871,0,0
17554,0,0
5645,0,0
21218,0,0
3488,1,1
9171,1,1
37648,1,1
16367,1,1
3164,0,0
28571,1,0
12226,1,0
12703,1,1
38632,0,0
3964,1,1
39345,0,0
27559,0,0
17146,1,1
17367,1,1
19401,0,0
20514,1,1
28977,1,1
23216,1,1
31605,1,1
12967,0,0
27435,0,0
6178,1,0
34219,0,0
7129,0,0
28587,0,0
19177,0,0
36002,1,0
781,0,0
2593,1,1
28460,0,0
2250,0,0
32069,0,0
36177,0,0
31573,1,1
25947,1,1
37643,1,1
27876,1,1
32420,0,0
20128,1,0
3738,0,0
10895,1,1
7650,1,1
27870,1,1
24853,0,0
6834,1,1
26459,0,0
16671,1,1
33150,0,0
29024,0,0
36615,1,1
35019,1,1
32886,0,0
35561,0,0
2579,0,0
4256,1,1
13490,0,0
17161,1,1
39039,1,1
6657,0,0
36742,1,1
12018,1,1
16624,0,0
10409,0,0
21092,1,1
10702,0,0
13950,0,0
36138,1,1
14593,0,0
7501,0,0
27437,0,0
6264,1,1
25141,1,1
30395,1,1
39315,0,0
12060,0,0
28542,0,0
29774,1,0
17427,0,0
35602,0,0
23336,0,0
25714,0,0
21531,0,0
4241,0,0
9721,0,1
15156,0,0
7113,1,1
4955,1,1
18934,1,0
13104,0,0
36499,0,0
33823,0,0
12322,0,0
18426,1,1
34441,0,0
26331,1,1
2463,1,1
14547,1,1
11993,1,1
26218,1,1
35693,0,0
35567,1,1
7732,1,1
17144,0,0
445,0,0
20220,0,0
21314,0,1
2562,0,0
36253,1,1
17357,1,1
10683,1,1
18002,0,0
39018,0,0
30864,1,1
9496,0,0
6313,0,0
23354,0,0
19283,0,0
27655,1,1
34674,1,1
5987,1,0
39375,1,1
37401,1,1
32256,0,0
5824,1,1
8307,1,1
25915,1,1
18161,0,0
27390,1,1
28943,1,1
38230,1,0
29468,0,0
39897,0,0
29335,0,0
39782,0,0
4474,0,0
26683,1,1
12789,1,1
2519,1,1
9574,1,0
39970,0,0
19846,0,0
34319,1,1
9291,1,1
7143,1,1
15163,1,1
26894,1,1
21029,1,1
18318,0,0
22748,0,0
9093,0,0
882,1,1
8170,1,1
7692,1,1
22745,1,1
38373,0,0
37169,0,1
38387,0,0
27428,1,1
22345,0,0
28629,0,1
38667,0,0
38189,1,1
17709,0,0
6527,0,0
11637,0,0
40053,0,0
2179,0,0
27425,0,0
6068,1,1
16638,0,0
27989,0,0
2492,1,0
14694,1,1
34975,0,0
22341,0,0
27220,1,1
27609,0,0
39558,1,1
38069,0,0
39682,1,1
34582,0,0
4950,1,1
13138,1,1
28630,0,0
19984,1,1
29007,0,0
27775,1,1
27368,1,0
5668,1,1
2532,0,0
15385,0,0
5812,1,0
25600,1,1
4855,1,1
39769,1,1
4671,1,1
12568,0,0
18537,0,0
5745,0,0
3485,0,0
38907,1,1
19752,1,1
26422,1,1
8572,0,0
33106,1,0
32476,0,0
7920,1,1
23087,0,0
22309,1,1
23778,1,1
27135,0,0
22609,1,1
37742,1,1
14301,1,0
6796,1,1
29640,1,0
28345,0,0
6836,0,0
11005,1,1
32833,1,1
12409,1,0
31423,0,0
1158,1,1
34743,0,0
2049,1,1
8662,1,1
24108,0,0
30629,1,1
30498,1,1
32730,0,0
15006,1,1
26963,1,1
10307,1,1
34520,0,0
23618,1,1
1083,0,0
39072,0,0
13466,0,0
34332,0,0
15179,1,1
20498,1,1
443,0,0
8287,0,0
11890,1,1
37407,0,0
28437,1,1
14026,0,0
9013,0,0
36903,0,0
4010,1,1
5173,1,1
29686,0,0
27562,1,1
32179,1,1
2710,1,1
7126,0,0
30656,1,1
5184,1,1
24842,1,1
10700,1,1
9247,0,0
35559,0,0
16433,1,0
12981,0,1
36664,0,1
38509,1,1
25454,0,0
32773,0,0
34259,1,1
24270,1,1
6503,0,0
36062,0,0
39409,1,1
37632,1,1
27288,1,1
20368,0,0
26332,1,1
1203,1,1
35705,0,0
36654,0,0
30423,1,1
22406,1,1
36269,0,0
39021,0,0
321,1,1
10539,1,1
9378,1,1
36184,0,0
18616,1,1
3879,0,0
12731,0,0
31996,0,0
3922,1,1
16227,1,1
4055,0,0
8352,0,0
14417,0,0
24288,1,1
11239,0,0
37787,0,1
8253,1,1
18945,0,0
20472,0,0
28210,1,1
9796,0,0
5585,0,0
38481,0,0
25000,0,0
30109,1,1
10694,1,1
6846,1,1
1686,0,0
17066,1,0
17283,1,1
2057,1,1
4128,0,0
3376,1,1
15652,0,0
25388,1,1
19434,1,1
17129,0,0
1023,0,0
278,0,0
37189,0,1
6227,0,0
26907,0,0
28087,0,0
38532,0,0
37248,0,0
27638,1,1
24936,0,0
36382,1,1
14973,0,0
7926,1,1
35514,1,1
24498,0,0
37010,0,0
20512,1,1
35299,1,1
24718,0,0
788,0,0
2512,1,1
24855,0,0
25837,1,1
14159,0,0
38504,1,1
16599,1,1
416,1,1
30157,0,0
14180,1,1
10865,0,0
8051,0,0
27086,1,1
38042,1,1
29414,0,0
13229,1,1
5501,1,1
5998,0,0
10253,0,0
1539,0,0
8696,0,0
1804,0,0
21586,0,0
24114,0,1
31370,1,1
38036,1,1
6391,1,1
18879,0,0
11314,0,0
30406,0,0
21258,1,1
8111,1,1
29912,0,0
34286,0,1
4362,1,1
8060,0,0
32577,0,0
19614,0,0
16478,0,0
12253,0,0
37794,0,0
30976,0,0
12221,1,0
24988,0,0
7065,1,1
16288,1,1
37190,0,0
7104,1,1
19299,0,0
3037,0,0
40153,0,0
11940,1,1
23256,1,1
30698,0,0
28526,1,1
3827,0,0
11964,1,1
35539,1,1
20316,1,1
19517,0,0
19458,1,1
39413,1,1
32707,1,1
6768,0,0
21307,1,1
32530,1,1
3829,0,0
35650,0,0
25455,0,0
10061,0,0
34744,0,0
13792,0,0
15936,0,0
2191,0,0
32944,0,0
26275,1,1
13456,0,0
25788,0,0
7489,0,0
36886,0,1
39025,0,0
3042,1,1
10179,1,1
26048,1,1
24297,0,0
38341,0,0
37378,1,1
31497,1,1
37703,0,0
10122,1,1
33376,0,0
15546,1,1
27768,1,1
35456,0,0
34759,1,1
39792,1,1
15485,0,0
17823,1,1
24803,0,0
9219,1,1
31243,1,1
12307,0,1
39174,0,0
11604,0,0
33617,1,1
9555,0,0
19466,1,1
17872,1,1
33121,1,1
16809,0,0
3851,0,0
24977,0,0
32680,1,1
37666,0,0
15542,1,1
39361,1,0
12144,1,1
19609,0,0
29973,1,1
3760,1,1
5389,1,1
37576,0,0
17680,0,0
20874,0,0
7681,1,1
30919,0,0
6601,1,1
16400,0,0
32546,1,1
22992,1,1
8028,1,1
19759,0,0
16208,0,0
11184,1,1
15245,0,0
258,0,1
28577,1,0
8969,1,1
18435,1,1
2697,1,1
16440,1,1
10288,1,1
13329,1,1
38535,0,0
38893,0,0
31491,0,0
7637,0,0
234,1,1
6003,0,0
5551,0,0
29781,1,1
37747,1,1
39341,1,1
36015,1,1
40137,0,0
28619,1,1
10491,0,0
33009,1,1
22482,0,0
34618,0,0
19066,1,1
2718,1,1
21920,1,1
37074,0,0
14363,0,0
40348,1,1
21646,1,1
13096,0,0
2173,1,1
38946,1,1
23974,1,1
23385,0,1
22823,0,0
8032,1,1
21787,1,1
32921,1,1
38081,0,0
11269,0,0
1132,1,1
18895,0,0
25291,1,1
24113,0,0
28781,0,0
38395,1,1
541,0,0
13354,1,0
19473,1,1
21002,0,0
26992,1,1
16751,0,0
31191,1,1
28114,0,0
32625,0,0
21318,0,0
5761,1,1
27998,0,0
34747,1,1
28848,1,1
8802,0,0
7718,1,1
21407,0,0
17868,0,0
1801,0,0
25020,1,1
13403,1,1
836,0,1
3,1,1
28766,1,1
251,1,1
38370,0,0
6184,0,1
39280,1,1
7216,1,1
35629,0,0
12005,1,1
22948,0,0
29113,0,0
27134,0,0
39143,1,1
19690,0,0
9593,0,1
35973,1,1
8453,0,0
10879,1,1
18896,0,0
9264,0,0
35450,0,0
26577,0,0
16190,0,0
17945,1,1
16863,1,1
31202,0,0
30193,0,0
13066,1,1
37516,1,0
39216,1,1
22356,0,0
34633,1,1
3293,0,0
28350,1,1
29056,1,0
20634,1,1
22016,0,0
12702,1,1
23491,0,0
40156,1,1
12904,0,0
31025,1,1
10982,0,0
6845,1,1
38658,0,0
4667,1,1
21702,0,0
12161,1,1
35487,0,0
37654,1,1
17815,0,0
1709,0,0
12462,1,1
36923,1,1
32259,1,1
37924,0,0
34652,0,0
4067,1,1
18060,1,1
28272,1,1
28430,1,1
35673,0,0
16596,1,1
27953,0,0
33790,1,1
2609,0,0
25841,1,1
5555,1,1
34326,0,0
33644,0,0
21503,0,0
15129,0,0
29216,0,0
9693,1,1
478,0,0
24721,0,0
26484,0,0
23121,0,0
27439,1,1
2898,0,0
34863,1,1
37892,1,1
13319,1,1
32694,0,0
17506,1,1
30332,1,1
12637,0,1
22819,0,0
24319,0,0
14353,0,0
40229,0,0
33085,1,0
6085,0,0
19448,1,1
16159,1,1
39121,0,0
20656,1,1
26670,0,0
1669,1,1
28698,1,1
26179,0,0
24600,0,0
10944,1,0
19934,0,0
36139,1,1
19856,0,0
14481,0,0
19773,0,0
15350,0,0
28692,1,1
30639,0,0
14103,1,1
13427,0,0
16335,0,0
35946,0,0
6494,1,1
26514,1,1
27795,1,1
3854,1,1
20881,0,0
4786,1,1
27097,0,0
5322,1,1
30874,0,0
5940,1,1
5958,0,0
34698,0,0
4259,1,1
20828,0,0
679,1,1
33609,1,1
1153,1,1
25128,1,1
32744,0,0
3605,0,0
25675,0,0
33125,1,1
12496,1,1
22258,0,0
11979,0,0
3246,0,1
39575,1,1
7062,0,0
12363,0,0
9347,1,1
11783,0,0
23715,0,0
39571,0,0
14954,1,0
34480,0,0
502,1,1
17746,1,1
32938,1,1
6162,1,1
16108,1,1
39215,1,1
20065,0,0
28325,0,0
17337,0,0
3418,0,0
4199,1,1
28501,0,0
37792,0,0
18214,0,0
25641,0,0
26373,1,1
38683,1,1
18210,0,0
5154,0,0
14236,1,1
3751,0,0
30851,1,1
38421,0,0
25842,1,1
11919,0,0
11521,1,1
26943,1,1
2077,0,0
30475,0,0
14850,1,1
32655,1,1
7729,0,0
31048,0,0
19661,1,1
14169,0,0
32348,0,0
14374,0,0
28890,0,0
5553,1,1
29637,0,0
4306,0,0
7305,1,1
10422,1,1
15397,1,1
28809,1,1
20305,0,0
38078,0,0
9999,0,0
27550,0,0
14893,0,0
26270,1,1
17421,0,0
24678,0,1
905,1,1
36530,1,1
24792,0,0
9232,1,1
30080,0,0
7224,1,1
20323,1,1
39290,0,0
14004,1,1
36917,0,0
24393,0,0
5200,1,1
11262,0,0
39082,1,1
28093,1,1
9783,0,0
39923,0,0
28086,0,0
15732,0,0
31252,1,1
31156,0,0
11174,1,1
34974,0,0
29221,0,0
6316,0,0
39396,1,1
15053,1,1
7479,0,0
26708,0,0
12557,1,1
24442,1,1
23477,0,0
39935,0,0
3546,0,0
1928,1,0
16835,0,0
33354,1,1
4407,0,0
21998,0,0
38725,1,1
27847,0,0
33195,1,1
16897,1,1
27476,0,0
15224,0,0
36652,0,0
35923,1,1
23906,0,0
15304,0,0
26143,0,0
17551,0,0
24041,1,1
29060,1,1
31172,0,0
33056,0,0
6738,0,0
15099,1,1
7529,0,0
8518,0,0
21974,1,1
16413,0,0
39195,1,1
9973,0,1
13217,1,1
32564,0,0
6013,0,0
10425,1,1
20630,0,0
17625,0,0
30316,0,0
32044,0,0
6835,1,1
12689,1,1
23509,0,0
5078,0,0
19636,1,1
33460,0,1
19725,1,1
36361,0,0
38995,0,0
35499,1,1
21816,1,1
31628,0,0
32901,1,1
27073,1,1
2438,1,1
20776,1,1
11484,0,0
7465,1,1
34113,0,0
25044,0,1
33841,0,0
13172,1,0
3377,1,1
29841,0,0
28356,1,1
5180,1,1
8892,1,1
27495,0,0
31446,0,0
661,1,1
19082,0,0
32039,0,0
28280,0,0
19275,0,0
1366,1,1
1207,1,1
24415,0,0
28284,1,1
18239,1,1
22730,1,1
9287,1,1
6036,0,0
22890,1,1
36604,1,1
28550,0,0
21340,1,1
15362,1,1
4501,1,1
26987,0,0
17601,1,1
8524,0,0
5845,0,0
35003,0,0
11045,1,1
10275,0,0
35711,1,1
2062,0,0
27877,0,0
33124,1,1
35043,1,1
40056,1,1
32165,0,0
19380,1,1
2406,1,1
26451,1,1
20143,0,0
1933,0,0
25982,1,1
9667,1,1
25856,0,0
28440,1,1
3997,0,0
1578,0,0
28745,0,0
37033,1,1
6760,1,0
31720,1,1
3716,1,1
7734,1,1
32772,0,0
33309,0,0
5814,1,1
2291,0,0
23273,1,1
3858,1,1
39475,1,1
39861,1,1
21138,1,1
22620,1,1
9768,1,1
33847,1,1
29522,1,1
22001,1,1
13368,1,1
9934,0,0
10027,0,0
8946,0,0
13634,0,1
23244,1,1
38469,0,0
14663,1,1
12167,1,1
21844,0,0
36519,0,0
37012,0,0
15666,0,0
7450,1,1
34197,1,1
21624,0,0
19979,1,0
26680,1,1
34740,0,0
16421,0,0
19325,0,0
8034,1,1
33597,1,0
11848,1,1
18195,0,0
21573,1,1
25637,0,0
29399,0,0
28984,1,1
6661,1,1
30550,1,1
26237,0,0
37351,0,1
16676,1,1
38676,1,1
35308,0,0
14789,0,0
39765,0,0
15523,0,0
30753,1,1
21254,1,1
2014,1,1
16118,1,1
7539,1,1
26076,1,1
9384,1,1
32162,1,1
14338,0,0
13332,0,0
1418,1,1
15613,1,1
40257,0,0
6615,0,0
19812,1,1
36455,0,0
24757,1,1
36936,1,1
23182,0,0
10363,0,0
9709,0,0
21374,0,0
35077,0,1
3267,0,0
821,1,1
34344,0,0
17594,0,0
21499,0,0
11402,1,1
30552,1,1
30518,1,1
3063,0,0
18143,0,0
23918,1,1
6137,1,1
7643,1,1
6851,1,0
5436,0,0
30659,1,1
39239,1,1
35814,0,0
32072,1,1
12998,1,1
1188,0,0
6268,1,1
40002,0,0
13256,0,1
23734,0,0
6917,0,0
32941,1,1
13556,1,1
9869,0,0
3559,1,1
13542,1,1
29114,0,0
12117,0,0
39497,0,0
18685,0,0
34367,1,1
20789,1,1
38780,0,0
40066,1,1
31463,1,1
15347,0,0
30318,0,0
6339,0,0
33474,1,1
35548,0,0
6958,0,0
22846,1,1
4967,1,1
13896,1,1
21209,0,0
9628,0,0
7997,0,0
21326,0,0
21052,0,0
37200,0,0
16222,0,0
12031,0,0
30820,1,1
26573,0,0
21143,1,1
37084,0,0
26572,0,0
24116,0,0
22365,0,0
17979,0,0
1961,1,1
36321,0,1
29138,0,1
21181,0,0
38214,0,0
20221,0,0
8690,0,0
30536,0,0
27589,1,1
23640,1,1
39024,0,0
3524,0,0
35179,0,0
15196,0,0
7014,0,0
10021,0,0
8593,1,1
13859,0,0
29435,1,1
26380,1,1
17417,0,0
37377,1,1
20224,0,0
20211,0,0
14344,1,1
13652,0,0
7303,1,1
1202,1,1
26502,0,0
25902,1,1
34876,0,0
20294,0,1
1702,0,0
7679,0,0
26113,0,0
20962,1,1
11549,0,0
37350,0,0
37638,1,1
9679,0,0
33120,1,1
18407,0,0
33880,0,0
16745,0,0
7456,0,0
33560,0,0
28449,0,0
12969,0,0
21189,1,1
35098,1,1
27699,1,1
16292,1,1
26374,1,1
41,1,1
6439,1,1
28649,1,1
1049,1,1
6402,0,0
14041,0,0
20140,0,0
30362,1,1
20248,1,1
35701,1,0
6542,0,0
33468,1,1
29142,0,0
5453,1,1
7339,1,1
21612,1,1
32642,1,1
17744,1,1
9315,0,0
39379,1,1
80,0,0
28475,1,0
11489,0,0
26764,1,1
28889,0,0
7291,0,0
32952,0,0
12925,1,1
5020,1,1
33355,1,1
3346,1,1
13040,0,0
21334,1,1
26648,0,0
9550,0,0
27351,1,1
7109,0,0
1652,0,0
35378,1,1
29528,1,1
6385,1,1
34528,0,0
28597,0,0
38126,1,0
25139,1,1
33960,0,0
31324,1,1
10234,1,1
22728,0,0
23078,1,1
21120,0,0
34705,0,0
17571,1,1
10605,0,0
27142,1,0
37204,1,1
21390,1,1
7442,1,1
9836,0,0
38247,1,1
1348,1,1
20683,0,0
26004,1,1
38322,0,0
17299,0,0
33214,0,0
13352,0,0
32925,1,1
31654,1,1
26570,0,0
13970,0,0
36896,0,0
36339,0,0
16744,0,0
5956,1,1
19670,0,0
12771,1,1
36571,0,0
17664,1,1
19509,0,0
3216,0,0
10167,0,0
40236,1,1
30716,0,0
24782,1,1
6729,1,1
28139,0,0
8091,1,1
24604,1,1
40404,1,1
13684,0,0
21241,1,1
2285,0,0
13627,0,0
14985,0,0
38358,1,1
35980,1,1
23462,1,1
20912,1,1
23137,1,0
32042,1,1
29954,0,0
38428,0,0
32917,1,1
9386,1,1
17333,1,1
19573,1,1
3313,1,1
35170,1,1
35778,0,0
12580,0,0
20362,0,0
31203,0,0
703,0,0
25575,1,1
38955,0,0
13629,0,0
18779,0,0
34026,0,0
27011,0,0
14779,1,1
24487,0,1
17566,0,0
36898,0,0
4692,0,0
8223,0,0
26152,0,0
21954,1,1
1033,0,0
9358,0,0
26023,0,0
18192,1,0
27942,0,0
25364,0,0
37360,0,0
31211,1,1
36605,1,1
449,0,1
13614,1,1
33918,1,1
13185,1,1
2857,0,0
24074,1,0
19220,1,1
37557,1,1
468,0,0
7665,0,0
24425,0,0
13148,0,0
20580,1,1
23120,1,1
9844,1,1
18180,0,0
36891,0,0
27522,0,0
10915,0,0
30011,1,1
12339,1,1
23071,1,1
36076,0,0
26760,1,1
20474,0,0
37224,1,1
37689,0,0
4576,1,1
16802,1,1
7175,0,0
22631,0,0
4180,1,1
16884,0,0
2585,0,0
27226,0,0
725,1,1
23445,0,0
37020,1,1
34335,0,0
8583,0,0
22875,0,0
5195,1,1
19738,1,1
36175,1,1
1456,0,0
23880,1,1
4322,0,0
6781,1,1
17602,1,1
2600,1,1
37279,0,0
28399,0,0
9011,0,0
10980,1,1
20998,0,0
6073,0,0
12530,0,0
27862,0,0
658,1,1
1252,0,0
22577,0,0
39095,0,0
35002,0,0
32175,0,0
31952,1,1
28270,1,1
24554,1,1
25171,0,0
38923,0,0
28790,0,0
39482,0,0
21351,1,0
35686,1,1
14767,1,1
14064,0,0
29805,0,0
9334,1,1
26863,1,1
37633,1,1
24497,0,0
11021,0,0
3183,0,0
25385,1,1
2178,0,0
23022,0,0
38492,0,0
37416,0,1
1862,1,1
24543,1,1
37265,0,0
26562,1,1
37856,0,0
30311,0,0
25373,0,0
1743,0,0
34908,0,0
30804,1,1
27072,1,1
34060,1,0
19170,1,1
5611,1,1
40213,0,0
32424,0,0
31276,0,0
29709,1,1
24778,1,1
35386,0,0
10416,1,1
624,0,0
6844,1,1
16793,1,1
15382,1,1
34702,0,0
12958,0,0
32666,1,1
27420,1,1
25191,1,1
20425,1,1
27332,1,1
30638,1,1
35329,0,0
36193,0,0
12520,0,1
29890,0,0
20179,1,1
8197,0,0
32589,0,0
11181,0,0
36134,1,1
4365,1,1
31282,1,1
20932,0,0
28023,1,1
17993,1,1
17614,0,0
34017,1,1
35829,1,1
31894,0,0
24519,0,0
36656,0,0
16992,0,1
13656,0,0
37432,0,0
24820,1,1
4105,1,0
11322,0,0
28096,1,1
14594,0,0
33235,0,0
12405,1,0
3848,1,1
34212,0,0
19674,0,0
5994,1,1
26806,0,0
37332,0,0
10125,1,1
29999,0,0
29482,0,0
26766,0,0
23720,1,1
25895,0,0
8848,1,1
1238,1,1
26672,0,0
22874,1,0
22100,0,0
7688,1,1
31597,0,0
2221,0,0
6685,1,1
701,0,0
30411,0,0
31467,1,1
36887,0,0
14419,0,0
5240,0,0
26428,1,1
39705,1,1
16778,1,0
22279,0,0
36475,0,0
29350,1,1
19627,1,1
15352,1,1
36578,1,1
14864,0,0
5439,1,1
35042,1,1
5748,0,0
10507,0,0
7214,0,0
23003,1,1
9146,0,0
23559,0,0
30983,1,0
34207,1,1
36695,0,0
38343,1,1
7078,1,1
14192,1,1
19033,0,0
30747,0,0
4404,0,0
28894,0,0
26547,0,0
39456,1,1
12760,1,1
39747,1,1
24111,0,0
6936,1,1
33189,1,1
14311,1,1
7340,1,1
23064,0,0
2729,0,0
39468,0,0
26717,1,1
1301,1,1
35912,1,1
37807,1,1
13722,1,1
27956,1,1
17690,1,1
10096,1,1
33302,0,0
18316,1,1
7532,0,0
6099,1,1
6822,0,1
38262,0,1
16080,0,0
40104,1,1
25693,1,1
32028,1,1
39743,0,0
12556,1,1
35353,0,0
12628,0,0
28407,0,0
1406,0,0
21661,0,0
3030,1,1
33415,1,1
34597,1,1
18264,0,0
39909,1,1
25722,1,1
9123,1,1
7629,0,0
26700,1,1
32105,0,0
5137,0,0
31544,1,1
8437,1,1
4820,0,1
21650,1,1
26173,0,0
38624,0,0
157,1,1
33113,1,1
26781,1,1
29501,0,0
10623,0,0
12615,1,1
40299,0,0
10490,0,0
16148,0,0
5839,0,0
11152,0,0
27689,0,0
4229,0,0
4276,1,1
9911,1,1
32243,1,1
38425,0,0
24893,1,1
22369,1,1
15091,1,1
7284,0,0
31911,0,0
34050,0,0
29155,1,1
32673,0,0
29176,1,0
18456,0,0
35347,0,0
29817,1,0
24858,0,0
8283,0,0
7621,0,0
34667,0,0
5566,1,0
34849,0,0
12996,1,1
14385,0,0
39963,0,0
27720,1,1
17591,0,0
18517,1,1
28601,0,0
28870,1,1
564,0,0
12027,1,1
31403,1,1
23107,1,1
26411,0,1
12720,0,0
14002,1,1
14328,0,0
36905,0,0
28515,0,0
10382,1,1
7614,1,1
14636,1,1
37646,1,1
22234,0,0
35820,1,1
34090,0,0
21648,1,1
35090,1,1
27769,1,1
33478,1,1
24708,1,0
4372,1,1
8475,0,0
32114,1,0
15641,0,0
1483,1,1
13324,1,1
32461,0,0
6632,0,0
11427,1,1
5693,0,0
19998,0,0
16013,0,0
1121,0,0
35755,1,1
9058,1,1
22987,1,1
32801,1,1
37388,1,1
2740,1,1
15209,0,0
21068,0,0
8876,0,1
28730,1,1
28727,1,0
28567,1,1
35670,0,0
2764,0,0
28897,0,0
36213,0,0
27931,0,0
17534,1,1
230,1,1
25640,0,0
34222,0,0
3185,0,0
36559,0,0
7434,1,1
17275,0,0
19879,1,1
18020,1,0
12668,1,1
20320,1,1
39656,1,1
4038,1,0
12946,1,1
31063,1,0
28140,1,1
10514,0,0
37300,1,1
20214,0,0
30824,1,1
15730,0,0
12561,0,0
36146,1,1
17100,1,1
24910,1,1
19720,1,1
7737,0,0
10426,0,0
4949,1,1
16729,1,1
28293,1,1
31800,0,0
18962,1,1
36080,1,1
17335,1,1
11753,1,1
24058,1,1
26268,1,1
24236,0,0
18746,1,1
19138,1,1
1357,1,1
30159,0,0
11246,0,0
20380,0,0
30510,0,0
12962,0,0
4649,1,1
27551,0,0
34646,1,1
4218,0,0
22886,0,0
1027,0,0
39329,0,0
24824,1,1
16689,0,0
4811,1,1
33444,0,1
22357,0,0
40091,0,0
650,1,1
7378,1,1
713,0,0
25825,0,0
2685,0,0
13822,0,0
39159,1,1
29143,0,0
28683,1,1
36066,0,0
14716,0,0
25525,1,1
15957,1,1
13817,0,0
13293,0,0
14963,0,0
37241,1,1
19578,0,0
12406,1,1
34358,1,1
23123,0,0
32708,0,0
15328,1,1
10998,0,0
17156,1,1
30104,1,1
29542,0,0
37911,1,1
38200,0,0
10039,1,1
4320,0,0
30924,1,1
39163,1,1
7827,0,0
22926,1,0
36890,0,0
26238,0,0
9078,0,0
39262,1,1
30785,1,1
30134,1,1
20813,0,0
19260,1,1
10661,0,0
16327,0,0
15919,0,0
24480,0,0
22071,0,0
2017,1,1
12752,0,0
37985,1,1
21523,1,1
31128,1,0
39416,0,0
19230,1,1
12478,0,0
6376,0,0
23675,0,0
35582,1,1
8205,0,1
14161,1,1
23696,1,1
7792,1,1
33513,0,1
4238,0,0
25165,0,0
139,1,1
18926,1,1
12294,1,1
22043,0,0
15596,1,1
11966,1,1
27205,1,1
1072,1,1
30704,1,1
15615,1,1
9285,1,0
24532,1,1
15747,0,0
1707,0,0
23034,1,1
29167,1,1
19748,1,1
35388,0,0
6224,0,0
9432,1,1
3280,1,0
19850,0,1
23401,0,0
36888,0,0
25140,1,1
17904,1,1
20361,0,0
19956,1,1
28770,1,1
37008,0,1
17024,1,1
19224,1,1
36424,1,1
1767,1,1
25847,0,0
38424,0,0
22896,0,0
13535,0,0
1665,1,1
13515,1,1
34788,1,1
11856,1,1
15974,1,1
28180,0,0
21453,0,0
3618,1,1
16881,0,0
29437,1,1
23187,0,0
79,0,0
14215,0,0
18273,0,0
26034,1,1
19854,0,0
36188,0,0
11768,1,1
38137,0,0
1853,0,0
23409,0,0
22214,1,1
20909,1,1
36944,1,1
27819,1,1
8062,0,0
4897,0,0
39945,1,1
1170,0,0
31664,1,1
12327,0,0
13394,1,1
10502,1,1
